user_no,product_id,product_name,brand,topcat_name,category_name,price,base_image_url,score_0_100,rank
27,laptop:msi-벡터-16-hx-ai-a2xwhg-u9-qhd,MSI 벡터 16 HX AI A2XWHG-U9 QHD+,MSI,Laptop,Laptop,2699200.0,https://img.danawa.com/prod_img/500000/116/607/img/89607116_1.jpg?shrink=330:*&_v=20250508085620,100.0,1
27,laptop:msi-모던시리즈-모던-15-h-ai-c2hmg-u7-win11-64gb램,MSI 모던시리즈 모던 15 H AI C2HMG-U7 WIN11 64GB램,MSI,Laptop,Laptop,1559710.0,https://img.danawa.com/prod_img/500000/411/210/img/77210411_1.jpg?shrink=330:*&_v=20250424151452,99.99915313720703,2
27,laptop:lg전자-2024-그램16-16z90s-gafwk,LG전자 2024 그램16 16Z90S-GAFWK,LG전자,Laptop,Laptop,1498990.0,https://img.danawa.com/prod_img/500000/989/775/img/68775989_1.jpg?shrink=330:*&_v=20251023142008,99.99845886230469,3
27,monitor:크로스오버-32uca9-uhd4k-ips-usb-c-프로아트-무결점,크로스오버 32UCA9 UHD4K IPS USB-C 프로아트 무결점,크로스오버,Monitor,Monitor,348530.0,https://img.danawa.com/prod_img/500000/114/743/img/99743114_1.jpg?shrink=330:*&_v=20251215141245,99.99749755859375,4
27,monitor:msi-mag-272urdf800-e16-듀얼모드-게이밍-4k-ai-vision-무결점,MSI MAG 272URDF800 E16 듀얼모드 게이밍 4K AI Vision 무결점,MSI,Monitor,Monitor,343570.0,https://img.danawa.com/prod_img/500000/355/385/img/93385355_1.jpg?shrink=330:*&_v=20251103105200,99.99745178222656,5
27,laptop:gigabyte-aorus-master-16-bxh,GIGABYTE AORUS MASTER 16 BXH,GIGABYTE,Laptop,Laptop,3199000.0,https://img.danawa.com/prod_img/500000/661/189/img/100189661_1.jpg?shrink=330:*&_v=20251114104827,99.99732971191406,6
27,monitor:필립스-27e2g2200-게이밍-144-프리싱크-hdr-무결점,필립스 27E2G2200 게이밍 144 프리싱크 HDR 무결점,필립스,Monitor,Monitor,158950.0,https://img.danawa.com/prod_img/500000/388/322/img/99322388_1.jpg?shrink=330:*&_v=20251030131030,99.9968032836914,7
27,headset:britz-브리츠인터내셔널-kg1100,Britz 브리츠인터내셔널 KG1100,Britz,Headset,Headset,54250.0,https://img.danawa.com/prod_img/500000/102/969/img/92969102_1.jpg?shrink=330:*&_v=20250624150229,99.99627685546875,8
27,monitor:크로스오버-27qd166cm-qhd-ips-usb-c-화이트-ai-멀티스탠드,크로스오버 27QD166CM QHD iPS USB-C 화이트 Ai 멀티스탠드,크로스오버,Monitor,Monitor,179000.0,https://img.danawa.com/prod_img/500000/663/890/img/90890663_1.jpg?shrink=330:*&_v=20251212092701,99.99618530273438,9
27,headset:마이크로닉스-wizmax-w301-7-1채널-argb-게이밍-헤드셋,마이크로닉스 WIZMAX W301 7.1채널 aRGB 게이밍 헤드셋,마이크로닉스,Headset,Headset,26950.0,https://img.danawa.com/prod_img/500000/129/578/img/90578129_1.jpg?shrink=330:*&_v=20250514152632,22.322660446166992,10
27,headset:잘만-zm-hps600,잘만 ZM-HPS600,잘만,Headset,Headset,37000.0,https://img.danawa.com/prod_img/500000/896/639/img/10639896_1.jpg?shrink=330:*&_v=20200228134944,19.69830322265625,11
27,headset:cox-ch48-애비에이션-가상-7-1-enc-rgb-진동-게이밍-헤드셋,COX CH48 애비에이션 가상 7.1 ENC RGB 진동 게이밍 헤드셋,COX,Headset,Headset,38900.0,https://img.danawa.com/prod_img/500000/348/602/img/18602348_1.jpg?shrink=330:*&_v=20221227152757,19.509584426879883,12
27,laptop:lg전자-울트라pc-15u50t-ga5hk,LG전자 울트라PC 15U50T-GA5HK,LG전자,Laptop,Laptop,695470.0,https://img.danawa.com/prod_img/500000/374/335/img/70335374_1.jpg?shrink=330:*&_v=20251211165223,99.99713134765625,13
27,laptop:삼성전자-갤럭시북5-프로-nt960xha-kd72g,삼성전자 갤럭시북5 프로 NT960XHA-KD72G,삼성전자,Laptop,Laptop,2759990.0,https://img.danawa.com/prod_img/500000/807/473/img/72473807_1.jpg?shrink=330:*&_v=20250102133108,99.99686431884766,14
27,laptop:asus-tuf-gaming-f16-fx608jmr-qt040,ASUS TUF Gaming F16 FX608JMR-QT040,ASUS,Laptop,Laptop,1770660.0,https://img.danawa.com/prod_img/500000/779/355/img/92355779_1.jpg?shrink=330:*&_v=20251107104442,99.99685668945312,15
27,laptop:삼성전자-갤럭시북5-프로-nt940xha-k51a,삼성전자 갤럭시북5 프로 NT940XHA-K51A,삼성전자,Laptop,Laptop,1798990.0,https://img.danawa.com/prod_img/500000/713/614/img/73614713_1.jpg?shrink=330:*&_v=20251212100501,99.99645233154297,16
27,laptop:에이서-프레데터-헬리오스-네오-16-ai-phn16-73-9797,에이서 프레데터 헬리오스 네오 16 AI PHN16-73-9797,에이서,Laptop,Laptop,2948990.0,https://img.danawa.com/prod_img/500000/711/028/img/94028711_1.jpg?shrink=330:*&_v=20250915164825,99.99626159667969,17
27,laptop:레노버-아이디어패드-slim5-16akp10-83hy0044kr,레노버 아이디어패드 Slim5 16AKP10 83HY0044KR,레노버,Laptop,Laptop,1329000.0,https://img.danawa.com/prod_img/500000/242/534/img/78534242_1.jpg?shrink=330:*&_v=20251126153437,99.99594116210938,18
27,laptop:삼성전자-갤럭시북4-nt750xgr-a51a-win11,삼성전자 갤럭시북4 NT750XGR-A51A WIN11,삼성전자,Laptop,Laptop,876830.0,https://img.danawa.com/prod_img/500000/513/762/img/44762513_1.jpg?shrink=330:*&_v=20251212100433,99.99592590332031,19
27,laptop:hp-오멘-16-ap0117ax,HP 오멘 16-ap0117AX,HP,Laptop,Laptop,2248000.0,https://img.danawa.com/prod_img/500000/484/545/img/92545484_1.jpg?shrink=330:*&_v=20251212100327,99.99579620361328,20
27,monitor:알파스캔-aoc-q27g11-게이밍-qhd-180-fast-ips-hdr-무결점,알파스캔 AOC Q27G11 게이밍 QHD 180 FAST IPS HDR 무결점,알파스캔,Monitor,Monitor,249000.0,https://img.danawa.com/prod_img/500000/052/024/img/94024052_1.jpg?shrink=330:*&_v=20250821100113,99.9956283569336,21
27,monitor:lg전자-울트라기어-27g411a,LG전자 울트라기어 27G411A,LG전자,Monitor,Monitor,198960.0,https://img.danawa.com/prod_img/500000/510/986/img/96986510_1.jpg?shrink=330:*&_v=20251212092221,99.99481964111328,22
27,monitor:알파스캔-aoc-27b36h3-4면-보더리스-ips-120-시력보호-무결점,알파스캔 AOC 27B36H3 4면 보더리스 IPS 120 시력보호 무결점,알파스캔,Monitor,Monitor,158950.0,https://img.danawa.com/prod_img/500000/231/128/img/99128231_1.jpg?shrink=330:*&_v=20251212092714,99.99285125732422,23
27,monitor:msi-mag-346cq800-게이밍-uwqhd-180-ai-vision-무결점,MSI MAG 346CQ800 게이밍 UWQHD 180 Ai Vision 무결점,MSI,Monitor,Monitor,241420.0,https://img.danawa.com/prod_img/500000/693/496/img/91496693_1.jpg?shrink=330:*&_v=20250528141731,31.86530113220215,24
27,laptop:msi-알파-17-c7vg-r9-qhd-32gb램,MSI 알파 17 C7VG-R9 QHD 32GB램,MSI,Laptop,Laptop,1962240.0,https://img.danawa.com/prod_img/500000/108/674/img/27674108_1.jpg?shrink=330:*&_v=20250116143443,21.094396591186523,25
27,monitor:한성컴퓨터-tfg27q24fl-qd-oled-qhd-리얼-240-게이밍-무결점,한성컴퓨터 TFG27Q24FL QD-OLED QHD 리얼 240 게이밍 무결점,한성컴퓨터,Monitor,Monitor,584970.0,https://img.danawa.com/prod_img/500000/319/310/img/72310319_1.jpg?shrink=330:*&_v=20250107135105,20.005664825439453,26
27,headset:msi-gh50-무선-게이밍-헤드셋,MSI GH50 무선 게이밍 헤드셋,MSI,Headset,Headset,113240.0,https://img.danawa.com/prod_img/500000/605/369/img/33369605_1.jpg?shrink=330:*&_v=20240123174231,19.773563385009766,27
27,headset:razer-barracuda,Razer Barracuda,Razer,Headset,Headset,249000.0,https://img.danawa.com/prod_img/500000/008/229/img/17229008_1.jpg?shrink=330:*&_v=20231201142438,19.4658203125,28
27,monitor:msi-mag-274qf-x24-rapid-ips-게이밍-wqhd-240-ai-vision-무결점,MSI MAG 274QF X24 Rapid IPS 게이밍 WQHD 240 AI Vision 무결점,MSI,Monitor,Monitor,240490.0,https://img.danawa.com/prod_img/500000/407/423/img/96423407_1.jpg?shrink=330:*&_v=20250821105836,19.305208206176758,29
27,monitor:크로스오버-34ld199n-nano-ips-게이밍-hypersonic,크로스오버 34LD199N NANO IPS 게이밍 Hypersonic,크로스오버,Monitor,Monitor,282280.0,https://img.danawa.com/prod_img/500000/698/709/img/77709698_1.jpg?shrink=330:*&_v=20250311165157,19.27202606201172,30
27,laptop:asus-gaming-v16-v3607vm-rp005,ASUS Gaming V16 V3607VM-RP005,ASUS,Laptop,Laptop,1324000.0,https://img.danawa.com/prod_img/500000/546/890/img/90890546_1.jpg?shrink=330:*&_v=20251112151741,19.14594078063965,31
27,headset:cox-ch53-cruise-enc-가상-7-1채널-진동-게이밍-헤드셋,COX CH53 CRUISE ENC 가상 7.1채널 진동 게이밍 헤드셋,COX,Headset,Headset,103460.0,https://img.danawa.com/prod_img/500000/585/635/img/21635585_1.jpg?shrink=330:*&_v=20230721091108,18.35488510131836,32
27,headset:cox-wch220-가상-7-1채널-무선-게이밍-헤드셋,COX WCH220 가상 7.1채널 무선 게이밍 헤드셋,COX,Headset,Headset,81340.0,https://img.danawa.com/prod_img/500000/823/507/img/13507823_1.jpg?shrink=330:*&_v=20240604142850,18.216201782226562,33
27,monitor:크로스오버-32ufi7-fast-ips-uhd4k-프로-게이밍,크로스오버 32UFi7 Fast iPS UHD4K 프로 게이밍,크로스오버,Monitor,Monitor,528710.0,https://img.danawa.com/prod_img/500000/591/364/img/58364591_1.jpg?shrink=330:*&_v=20240809150005,18.161266326904297,34
27,monitor:삼성전자-오디세이-g7-g75f-ls40fg750,삼성전자 오디세이 G7 G75F LS40FG750,삼성전자,Monitor,Monitor,1068360.0,https://img.danawa.com/prod_img/500000/451/521/img/95521451_1.jpg?shrink=330:*&_v=20251030125655,18.14765739440918,35
27,monitor:래안텍-blaze-u3260ce-화이트-4k-uhd-ips-베젤리스-무결점,래안텍 BLAZE U3260CE 화이트 4K UHD IPS 베젤리스 무결점,래안텍,Monitor,Monitor,245000.0,https://img.danawa.com/prod_img/500000/998/779/img/97779998_1.jpg?shrink=330:*&_v=20250916172319,18.119203567504883,36
27,headset:앱코-hacker-b630-버추얼-7-1-진동-led-게이밍,앱코 HACKER B630 버추얼 7.1 진동 LED 게이밍,앱코,Headset,Headset,18500.0,https://img.danawa.com/prod_img/500000/550/015/img/6015550_1.jpg?shrink=330:*&_v=20190806120716,17.756315231323242,37
27,headset:로지텍-g735,로지텍 G735,로지텍,Headset,Headset,185220.0,https://img.danawa.com/prod_img/500000/904/503/img/71503904_1.jpg?shrink=330:*&_v=20241119150514,17.61222267150879,38
27,headset:corsair-hs80-rgb-usb-7-1채널-게이밍-헤드셋,CORSAIR HS80 RGB USB 7.1채널 게이밍 헤드셋,CORSAIR,Headset,Headset,134470.0,https://img.danawa.com/prod_img/500000/279/009/img/17009279_1.jpg?shrink=330:*&_v=20230601103710,17.14926528930664,39
27,monitor:msi-mpg-321urxdn-qd-oled-240-4k-uhd,MSI MPG 321URXDN QD-OLED 240 4K UHD,MSI,Monitor,Monitor,1069890.0,https://img.danawa.com/prod_img/500000/430/429/img/73429430_1.jpg?shrink=330:*&_v=20250414102003,16.830129623413086,40
27,laptop:asus-비보북-s-14-s5406sa-qd136w,ASUS 비보북 S 14 S5406SA-QD136W,ASUS,Laptop,Laptop,1869000.0,https://img.danawa.com/prod_img/500000/312/783/img/71783312_1.jpg?shrink=330:*&_v=20250527133431,16.551279067993164,41
27,headset:razer-kaira-hyperspeed-xbox-licensed,Razer Kaira Hyperspeed Xbox Licensed,Razer,Headset,Headset,210000.0,https://img.danawa.com/prod_img/500000/534/543/img/20543534_1.jpg?shrink=330:*&_v=20230614152133,16.54366111755371,42
27,headset:corsair-hs70-블루투스-게이밍-헤드셋,CORSAIR HS70 블루투스 게이밍 헤드셋,CORSAIR,Headset,Headset,239590.0,https://img.danawa.com/prod_img/500000/094/913/img/12913094_1.jpg?shrink=330:*&_v=20250521102555,16.45695686340332,43
27,laptop:asus-tuf-gaming-a14-fa401um-rg007,ASUS TUF Gaming A14 FA401UM-RG007,ASUS,Laptop,Laptop,1742180.0,https://img.danawa.com/prod_img/500000/116/886/img/92886116_1.jpg?shrink=330:*&_v=20251212100317,16.335994720458984,44
27,headset:razer-blackshark-v2-x-usb,Razer BlackShark V2 X USB,Razer,Headset,Headset,85180.0,https://img.danawa.com/prod_img/500000/425/763/img/17763425_1.jpg?shrink=330:*&_v=20220831172546,16.318679809570312,45
27,laptop:apple-맥북프로16-m1프로-10코어-cpu-16코어-gpu-그레이,"APPLE 맥북프로16 M1프로 10코어 CPU, 16코어 GPU 그레이",APPLE,Laptop,Laptop,2899620.0,https://img.danawa.com/prod_img/500000/545/462/img/15462545_1.jpg?shrink=330:*&_v=20250328110702,16.25075340270996,46
27,monitor:필립스-에브니아-32m2n8800-uhd-oled-240-프리싱크-hdr-게이밍-화이트-무결점,필립스 에브니아 32M2N8800 UHD OLED 240 프리싱크 HDR 게이밍 화이트 무결점,필립스,Monitor,Monitor,1090000.0,https://img.danawa.com/prod_img/500000/281/875/img/70875281_1.jpg?shrink=330:*&_v=20251112151913,15.986437797546387,47
27,laptop:lg전자-2025-그램-프로17-17z90tp-ga5hk,LG전자 2025 그램 프로17 17Z90TP-GA5HK,LG전자,Laptop,Laptop,1688990.0,https://img.danawa.com/prod_img/500000/629/007/img/74007629_1.jpg?shrink=330:*&_v=20250902094933,15.121343612670898,48
27,monitor:asus-rog-swift-oled-pg27ucdm,ASUS ROG SWIFT OLED PG27UCDM,ASUS,Monitor,Monitor,1469950.0,https://img.danawa.com/prod_img/500000/851/883/img/74883851_1.jpg?shrink=330:*&_v=20251112174402,15.00593090057373,49
27,headset:for-lg-lh-950,For LG LH-950,For,Headset,Headset,12890.0,https://img.danawa.com/prod_img/500000/029/195/img/5195029_1.jpg?shrink=330:*&_v=20250707103932,14.958420753479004,50
27,monitor:asus-rog-strix-xg32ucg-4k-uhd-fast-ips-게이밍,ASUS ROG STRIX XG32UCG 4K UHD Fast IPS 게이밍,ASUS,Monitor,Monitor,677930.0,https://img.danawa.com/prod_img/500000/941/384/img/93384941_1.jpg?shrink=330:*&_v=20251112174438,14.92126178741455,51
27,monitor:dell-p3225qe,DELL P3225QE,DELL,Monitor,Monitor,734000.0,https://img.danawa.com/prod_img/500000/175/310/img/78310175_1.jpg?shrink=330:*&_v=20250320152640,14.868159294128418,52
27,laptop:asus-rog-strix-scar-18-g835lx-sa041w,ASUS ROG STRIX SCAR 18 G835LX-SA041W,ASUS,Laptop,Laptop,6489840.0,https://img.danawa.com/prod_img/500000/371/088/img/77088371_1.jpg?shrink=330:*&_v=20250922172251,14.831526756286621,53
27,headset:asus-rog-strix-go-2-4,ASUS ROG STRIX GO 2.4,ASUS,Headset,Headset,270630.0,https://img.danawa.com/prod_img/500000/379/847/img/11847379_1.jpg?shrink=330:*&_v=20201124102450,14.752592086791992,54
27,headset:omiiya-h59,OMIIYA H59,OMIIYA,Headset,Headset,19900.0,https://img.danawa.com/prod_img/500000/471/087/img/98087471_1.jpg?shrink=330:*&_v=20250923143022,14.65420150756836,55
27,headset:corsair-void-elite-스테레오-게이밍-헤드셋,CORSAIR VOID ELITE 스테레오 게이밍 헤드셋,CORSAIR,Headset,Headset,141080.0,https://img.danawa.com/prod_img/500000/133/670/img/12670133_1.jpg?shrink=330:*&_v=20220419163700,14.221474647521973,56
27,monitor:크로스오버-40lgd5k-나노ips-5k-커브드-무결점,크로스오버 40LGD5K 나노IPS 5K 커브드 무결점,크로스오버,Monitor,Monitor,635130.0,https://img.danawa.com/prod_img/500000/082/675/img/16675082_1.jpg?shrink=330:*&_v=20251112100452,14.211024284362793,57
27,headset:asus-rog-theta-7-1채널,ASUS ROG THETA 7.1채널,ASUS,Headset,Headset,571910.0,https://img.danawa.com/prod_img/500000/117/365/img/10365117_1.jpg?shrink=330:*&_v=20210910100239,14.0943021774292,58
27,laptop:msi-소드-gf76-hx-b14wfk-i9-win11-32gb램,MSI 소드 GF76 HX B14WFK-i9 WIN11 32GB램,MSI,Laptop,Laptop,1988520.0,https://img.danawa.com/prod_img/500000/200/741/img/99741200_1.jpg?shrink=330:*&_v=20251030154123,14.034173965454102,59
27,monitor:크로스오버-미켈란-24pmt5-ips-144-type-c-멀티스탠드-화이트-무결점,크로스오버 미켈란 24PMT5 IPS 144 TYPE-C 멀티스탠드 화이트 무결점,크로스오버,Monitor,Monitor,127200.0,https://img.danawa.com/prod_img/500000/101/451/img/38451101_1.jpg?shrink=330:*&_v=20251205111244,14.018101692199707,60
27,monitor:주연테크-v22f100-fhd-100-프리싱크-hdr,주연테크 V22F100 FHD 100 프리싱크 HDR,주연테크,Monitor,Monitor,89000.0,https://img.danawa.com/prod_img/500000/236/086/img/94086236_1.jpg?shrink=330:*&_v=20250717100826,13.842016220092773,61
27,laptop:삼성전자-갤럭시북5-프로h-nt965xhw-a51a-win11,삼성전자 갤럭시북5 프로H NT965XHW-A51A WIN11,삼성전자,Laptop,Laptop,1748990.0,https://img.danawa.com/prod_img/500000/021/992/img/75992021_1.jpg?shrink=330:*&_v=20250212152433,13.72488021850586,62
27,laptop:hp-빅터스-15-fb3001ax,HP 빅터스 15-fb3001AX,HP,Laptop,Laptop,1149000.0,https://img.danawa.com/prod_img/500000/464/761/img/73761464_1.jpg?shrink=330:*&_v=20250320115050,13.646866798400879,63
27,monitor:제이씨현-udea-look-lk2736pa-유케어-240-홈게임-무결점,제이씨현 UDEA LOOK LK2736PA 유케어 240 홈게임 무결점,제이씨현,Monitor,Monitor,139000.0,https://img.danawa.com/prod_img/500000/396/257/img/96257396_1.jpg?shrink=330:*&_v=20250818132821,13.641209602355957,64
27,monitor:lg전자-25ms550,LG전자 25MS550,LG전자,Monitor,Monitor,166360.0,https://img.danawa.com/prod_img/500000/096/713/img/57713096_1.jpg?shrink=330:*&_v=20240708164347,13.536046028137207,65
27,laptop:asus-tuf-gaming-a18-fa808up-s8017,ASUS TUF Gaming A18 FA808UP-S8017,ASUS,Laptop,Laptop,1841910.0,https://img.danawa.com/prod_img/500000/540/366/img/92366540_1.jpg?shrink=330:*&_v=20251104085012,13.512606620788574,66
27,monitor:lg전자-27mn430hw,LG전자 27MN430HW,LG전자,Monitor,Monitor,168000.0,https://img.danawa.com/prod_img/500000/422/664/img/11664422_1.jpg?shrink=330:*&_v=20240422083108,13.476969718933105,67
27,laptop:삼성전자-갤럭시북-프로-se-nt950xft-a51a,삼성전자 갤럭시북 프로 SE NT950XFT-A51A,삼성전자,Laptop,Laptop,1129060.0,https://img.danawa.com/prod_img/500000/273/908/img/18908273_1.jpg?shrink=330:*&_v=20240702104821,13.330878257751465,68
27,headset:asus-tuf-h1-게이밍-헤드셋,ASUS TUF H1 게이밍 헤드셋,ASUS,Headset,Headset,65900.0,https://img.danawa.com/prod_img/500000/238/393/img/16393238_1.jpg?shrink=330:*&_v=20230626173718,13.312994003295898,69
27,laptop:msi-모던시리즈-모던-14-c7m-r5-매트-블랙,MSI 모던시리즈 모던 14 C7M-R5 매트 블랙,MSI,Laptop,Laptop,438990.0,https://img.danawa.com/prod_img/500000/050/481/img/29481050_1.jpg?shrink=330:*&_v=20250918163311,13.242934226989746,70
27,headset:터틀비치-stealth-700-gen3-ps,터틀비치 Stealth 700 Gen3 PS,터틀비치,Headset,Headset,224100.0,https://img.danawa.com/prod_img/500000/790/788/img/68788790_1.jpg?shrink=330:*&_v=20241016132708,12.98633098602295,71
27,headset:gdevil-g737-tune71-가상-7-1채널-rgb-게이밍-헤드셋,GDEVIL G737 TUNE71 가상 7.1채널 RGB 게이밍 헤드셋,GDEVIL,Headset,Headset,27900.0,https://img.danawa.com/prod_img/500000/375/359/img/27359375_1.jpg?shrink=330:*&_v=20230807164018,12.586064338684082,72
27,headset:잘만-zm-hps610-가상-7-1채널-게이밍-헤드셋,잘만 ZM-HPS610 가상 7.1채널 게이밍 헤드셋,잘만,Headset,Headset,56760.0,https://img.danawa.com/prod_img/500000/402/557/img/18557402_1.jpg?shrink=330:*&_v=20240508132548,12.494678497314453,73
27,laptop:hp-오멘-슬림-16-an0021tx,HP 오멘 슬림 16-an0021TX,HP,Laptop,Laptop,2099000.0,https://img.danawa.com/prod_img/500000/812/919/img/98919812_1.jpg?shrink=330:*&_v=20251208132916,12.46267318725586,74
27,monitor:앱코-하이퍼뷰-ip27f180d-fast-ips-fhd-200-hdr-무결점,앱코 하이퍼뷰 IP27F180D FAST-IPS FHD 200 HDR 무결점,앱코,Monitor,Monitor,179000.0,https://img.danawa.com/prod_img/500000/976/676/img/72676976_1.jpg?shrink=330:*&_v=20251014145752,12.46056079864502,75
27,headset:cox-ch42-초경량-7-1채널-led-노이즈캔슬링-마이크-3d-게이밍-헤드셋,COX CH42 초경량 7.1채널 LED 노이즈캔슬링 마이크 3D 게이밍 헤드셋,COX,Headset,Headset,28500.0,https://img.danawa.com/prod_img/500000/996/396/img/6396996_1.jpg?shrink=330:*&_v=20240115142228,12.37814998626709,76
27,laptop:레노버-아이디어패드-slim5-16akp10-83hy0045kr,레노버 아이디어패드 Slim5 16AKP10 83HY0045KR,레노버,Laptop,Laptop,1349000.0,https://img.danawa.com/prod_img/500000/654/608/img/78608654_1.jpg?shrink=330:*&_v=20250717143644,12.373640060424805,77
27,monitor:msi-mp242l800-ips-100-시력보호,MSI MP242L800 IPS 100 시력보호,MSI,Monitor,Monitor,84890.0,https://img.danawa.com/prod_img/500000/824/657/img/75657824_1.jpg?shrink=330:*&_v=20250206154532,12.366631507873535,78
27,laptop:삼성전자-갤럭시북5-프로-nt960xha-k71a,삼성전자 갤럭시북5 프로 NT960XHA-K71A,삼성전자,Laptop,Laptop,2125650.0,https://img.danawa.com/prod_img/500000/852/473/img/72473852_1.jpg?shrink=330:*&_v=20250115084106,12.273558616638184,79
27,headset:creative-hs-230,Creative HS-230,Creative,Headset,Headset,26900.0,https://img.danawa.com/prod_img/500000/145/899/img/74899145_1.jpg?shrink=330:*&_v=20250122130228,12.250079154968262,80
27,laptop:msi-크로스헤어-a18-hx-a7wgkg-r9-qhd,MSI 크로스헤어 A18 HX A7WGKG-R9 QHD+,MSI,Laptop,Laptop,2093980.0,https://img.danawa.com/prod_img/500000/276/202/img/94202276_1.jpg?shrink=330:*&_v=20250915093740,12.209491729736328,81
27,headset:앱코-n500-가상-7-1-enc-초경량-rgb-게이밍-헤드셋,앱코 N500 가상 7.1 ENC 초경량 RGB 게이밍 헤드셋,앱코,Headset,Headset,27500.0,https://img.danawa.com/prod_img/500000/765/522/img/14522765_1.jpg?shrink=330:*&_v=20230518165819,12.033668518066406,82
27,monitor:asus-rog-strix-xg27ucg,ASUS ROG STRIX XG27UCG,ASUS,Monitor,Monitor,486500.0,https://img.danawa.com/prod_img/500000/461/115/img/74115461_1.jpg?shrink=330:*&_v=20251030141248,11.688879013061523,83
27,monitor:benq-gw2790q-아이케어-무결점,BenQ GW2790Q 아이케어 무결점,BenQ,Monitor,Monitor,268990.0,https://img.danawa.com/prod_img/500000/125/677/img/70677125_1.jpg?shrink=330:*&_v=20250714163707,11.419838905334473,84
27,headset:터틀비치-stealth-700-gen-2-max,터틀비치 Stealth 700 Gen 2 MAX,터틀비치,Headset,Headset,220500.0,https://img.danawa.com/prod_img/500000/198/169/img/19169198_1.jpg?shrink=330:*&_v=20230228101915,11.288586616516113,85
27,headset:잘만-archer-zm-hps700w,잘만 ARCHER ZM-HPS700W,잘만,Headset,Headset,33470.0,https://img.danawa.com/prod_img/500000/535/519/img/16519535_1.jpg?shrink=330:*&_v=20220427152251,11.081555366516113,86
27,headset:asus-rog-delta-s-core-게이밍-헤드셋,ASUS ROG DELTA S CORE 게이밍 헤드셋,ASUS,Headset,Headset,154230.0,https://img.danawa.com/prod_img/500000/849/684/img/17684849_1.jpg?shrink=330:*&_v=20220819125637,11.053007125854492,87
27,monitor:알파스캔-aoc-q27g42ze-게이밍-260-qhd-fast-ips-프리싱크-ai-hdr-무결점,알파스캔 AOC Q27G42ZE 게이밍 260 QHD FAST IPS 프리싱크 AI HDR 무결점,알파스캔,Monitor,Monitor,309000.0,https://img.danawa.com/prod_img/500000/224/555/img/99555224_1.jpg?shrink=330:*&_v=20251112095801,11.002689361572266,88
27,monitor:msi-mp252l850-ips-100-시력보호-무결점,MSI MP252L850 IPS 100 시력보호 무결점,MSI,Monitor,Monitor,90000.0,https://img.danawa.com/prod_img/500000/947/657/img/75657947_1.jpg?shrink=330:*&_v=20250207150648,10.940510749816895,89
27,laptop:lg전자-2025-그램-프로360-16t90tp-gd7bk,LG전자 2025 그램 프로360 16T90TP-GD7BK,LG전자,Laptop,Laptop,2436550.0,https://img.danawa.com/prod_img/500000/752/007/img/74007752_1.jpg?shrink=330:*&_v=20251212163615,10.912849426269531,90
27,monitor:알파스캔-aoc-u27g4-게이밍-320-듀얼-모드-4k-uhd-hdr-400-무결점,알파스캔 AOC U27G4 게이밍 320 듀얼 모드 4K UHD HDR 400 무결점,알파스캔,Monitor,Monitor,458990.0,https://img.danawa.com/prod_img/500000/948/287/img/99287948_1.jpg?shrink=330:*&_v=20251103165812,10.863405227661133,91
27,headset:corsair-void-v2-rgb-무선-게이밍-헤드셋,CORSAIR VOID v2 RGB 무선 게이밍 헤드셋,CORSAIR,Headset,Headset,159900.0,https://img.danawa.com/prod_img/500000/380/866/img/82866380_1.jpg?shrink=330:*&_v=20250418151023,10.809674263000488,92
27,laptop:lg전자-2025-그램-프로16-16z90tp-kd7bk,LG전자 2025 그램 프로16 16Z90TP-KD7BK,LG전자,Laptop,Laptop,2280410.0,https://img.danawa.com/prod_img/500000/324/807/img/74807324_1.jpg?shrink=330:*&_v=20251126153352,10.717268943786621,93
27,laptop:asus-젠북-s-14-ux5406sa-pv153w,ASUS 젠북 S 14 UX5406SA-PV153W,ASUS,Laptop,Laptop,2289990.0,https://img.danawa.com/prod_img/500000/084/246/img/68246084_1.jpg?shrink=330:*&_v=20250821084925,10.69904899597168,94
27,monitor:크로스오버-320f75-fhd-리얼75-무결점,크로스오버 320F75 FHD 리얼75 무결점,크로스오버,Monitor,Monitor,160000.0,https://img.danawa.com/prod_img/500000/831/085/img/55085831_1.jpg?shrink=330:*&_v=20240603151155,10.691164016723633,95
27,headset:cox-eh310-어린이용-무선-헤드셋,COX EH310 어린이용 무선 헤드셋,COX,Headset,Headset,17900.0,https://img.danawa.com/prod_img/500000/891/621/img/77621891_1.jpg?shrink=330:*&_v=20250317184616,10.39295482635498,96
27,headset:hyperx-cloud-iii-wireless,HyperX Cloud III Wireless,HyperX,Headset,Headset,172190.0,https://img.danawa.com/prod_img/500000/137/089/img/28089137_1.jpg?shrink=330:*&_v=20250611133226,10.2970552444458,97
27,laptop:lg전자-그램-프로360-16t90sp-ka5bk,LG전자 그램 프로360 16T90SP-KA5BK,LG전자,Laptop,Laptop,1631790.0,https://img.danawa.com/prod_img/500000/177/535/img/43535177_1.jpg?shrink=330:*&_v=20240509140415,10.153714179992676,98
27,laptop:레노버-아이디어패드-slim5-16ahp10-83hw001ckr,레노버 아이디어패드 Slim5 16AHP10 83HW001CKR,레노버,Laptop,Laptop,1149000.0,https://img.danawa.com/prod_img/500000/445/037/img/81037445_1.jpg?shrink=330:*&_v=20251020145828,10.13945198059082,99
27,monitor:asus-rog-strix-xg27acmes,ASUS ROG STRIX XG27ACMES,ASUS,Monitor,Monitor,299000.0,https://img.danawa.com/prod_img/500000/594/771/img/98771594_1.jpg?shrink=330:*&_v=20251114151222,10.098520278930664,100
28,mouse:msi-gm41-lightweight-wireless,MSI GM41 LIGHTWEIGHT WIRELESS,MSI,Mouse,Mouse,55900.0,https://img.danawa.com/prod_img/500000/340/668/img/14668340_1.jpg?shrink=330:*&_v=20210827161457,100.0,1
28,mouse:로지텍-g-pro-x-superlight-2-dex-정품,로지텍 G PRO X SUPERLIGHT 2 DEX (정품),로지텍,Mouse,Mouse,175000.0,https://img.danawa.com/prod_img/500000/103/531/img/70531103_1.jpg?shrink=330:*&_v=20250910130710,99.99845886230469,2
28,mouse:로지텍-g-pro-x-superlight-2-정품,로지텍 G PRO X SUPERLIGHT 2 (정품),로지텍,Mouse,Mouse,173500.0,https://img.danawa.com/prod_img/500000/684/481/img/28481684_1.jpg?shrink=330:*&_v=20251211170722,99.9977798461914,3
28,mouse:앱코-wm400-무선-마우스,앱코 WM400 무선 마우스,앱코,Mouse,Mouse,18080.0,https://img.danawa.com/prod_img/500000/139/257/img/9257139_1.jpg?shrink=330:*&_v=20190814141011,99.99547576904297,4
28,keyboard:한성컴퓨터-bk500-듀얼-무선-멀티페어링-키보드,한성컴퓨터 BK500 듀얼 무선 멀티페어링 키보드,한성컴퓨터,Keyboard,Keyboard,29900.0,https://img.danawa.com/prod_img/500000/312/076/img/13076312_1.jpg?shrink=330:*&_v=20230706081753,99.1287612915039,5
28,ram:adata-ddr5-6000-cl36-lancer-blade-rgb-블랙-패키지-서린,ADATA DDR5-6000 CL36 LANCER BLADE RGB 블랙 패키지 서린,ADATA,RAM,RAM,498990.0,https://img.danawa.com/prod_img/500000/256/037/img/81037256_1.jpg?shrink=330:*&_v=20250415160318,20.428056716918945,6
28,ram:타무즈-ddr3-1600-cl11,타무즈 DDR3-1600 CL11,타무즈,RAM,RAM,28140.0,https://img.danawa.com/prod_img/500000/666/838/img/4838666_1.jpg?shrink=330:*&_v=20210702151234,19.98992347717285,7
28,keyboard:cox-cos10-유선-키보드-마우스-세트,COX COS10 유선 키보드 마우스 세트,COX,Keyboard,Keyboard,8000.0,https://img.danawa.com/prod_img/500000/683/979/img/11979683_1.jpg?shrink=330:*&_v=20241114165622,19.966075897216797,8
28,keyboard:앱코-ak99-유무선-기계식-핑크,앱코 AK99 유무선 기계식 핑크,앱코,Keyboard,Keyboard,65000.0,https://img.danawa.com/prod_img/500000/662/787/img/68787662_1.jpg?shrink=330:*&_v=20241021081348,18.08084487915039,9
28,keyboard:hp-km100-combo,HP KM100 Combo,HP,Keyboard,Keyboard,12890.0,https://img.danawa.com/prod_img/500000/188/230/img/6230188_1.jpg?shrink=330:*&_v=20220719165327,17.50949478149414,10
28,ram:corsair-ddr5-6400-cl32-dominator-titanium-black-패키지,CORSAIR DDR5-6400 CL32 Dominator Titanium BLACK 패키지,CORSAIR,RAM,RAM,1485260.0,https://img.danawa.com/prod_img/500000/052/444/img/28444052_1.jpg?shrink=330:*&_v=20230922124401,17.125675201416016,11
28,ram:apacer-ddr5-6000-cl38-nox-rgb-black-패키지,Apacer DDR5-6000 CL38 NOX RGB BLACK 패키지,Apacer,RAM,RAM,511210.0,https://img.danawa.com/prod_img/500000/339/749/img/99749339_1.jpg?shrink=330:*&_v=20251030161459,16.90874481201172,12
28,mouse:로지텍-g102-lightsync,로지텍 G102 LIGHTSYNC,로지텍,Mouse,Mouse,22220.0,https://img.danawa.com/prod_img/500000/038/317/img/11317038_1.jpg?shrink=330:*&_v=20251203163847,99.99467468261719,13
28,mouse:cox-cm50-3360-하이엔드-rgb-게이밍-마우스,COX CM50 3360 하이엔드 RGB 게이밍 마우스,COX,Mouse,Mouse,35900.0,https://img.danawa.com/prod_img/500000/970/585/img/13585970_1.jpg?shrink=330:*&_v=20210312154002,99.11048126220703,14
28,mouse:로지텍-g304-lightspeed-wireless-정품,로지텍 G304 LIGHTSPEED WIRELESS (정품),로지텍,Mouse,Mouse,41090.0,https://img.danawa.com/prod_img/500000/401/143/img/6143401_1.jpg?shrink=330:*&_v=20251211170653,26.040271759033203,15
28,mouse:benq-zowie-fk2-c,BenQ ZOWIE FK2-C,BenQ,Mouse,Mouse,99000.0,https://img.danawa.com/prod_img/500000/228/423/img/17423228_1.jpg?shrink=330:*&_v=20220708125703,23.93239402770996,16
28,mouse:cherry-xtrfy-mw5500-8k-유무선,CHERRY XTRFY MW5500 8K 유무선,CHERRY,Mouse,Mouse,99000.0,https://img.danawa.com/prod_img/500000/613/946/img/99946613_1.jpg?shrink=330:*&_v=20251106155139,23.070924758911133,17
28,mouse:앱코-hacker-a660-3325-프로페셔널-게이밍-마우스,앱코 HACKER A660 3325 프로페셔널 게이밍 마우스,앱코,Mouse,Mouse,27000.0,https://img.danawa.com/prod_img/500000/153/398/img/5398153_1.jpg?shrink=330:*&_v=20251118125115,22.57929801940918,18
28,mouse:razer-deathadder-v2-x-hyperspeed,Razer DeathAdder V2 X HyperSpeed,Razer,Mouse,Mouse,49700.0,https://img.danawa.com/prod_img/500000/307/721/img/15721307_1.jpg?shrink=330:*&_v=20250918160337,19.38087272644043,19
28,mouse:asus-rog-keris-wireless-aimpoint,ASUS ROG KERIS WIRELESS AIMPOINT,ASUS,Mouse,Mouse,149000.0,https://img.danawa.com/prod_img/500000/413/297/img/18297413_1.jpg?shrink=330:*&_v=20240418130952,18.932100296020508,20
28,mouse:마이크로닉스-manic-g40-rgb-pmw3360-게이밍-마우스,마이크로닉스 MANIC G40 RGB PMW3360 게이밍 마우스,마이크로닉스,Mouse,Mouse,28900.0,https://img.danawa.com/prod_img/500000/354/150/img/6150354_1.jpg?shrink=330:*&_v=20210518162007,17.930347442626953,21
28,mouse:마이크로닉스-wizmax-w202tw-무선-블루투스,마이크로닉스 WIZMAX W202TW 무선 블루투스,마이크로닉스,Mouse,Mouse,9290.0,https://img.danawa.com/prod_img/500000/692/543/img/21543692_1.jpg?shrink=330:*&_v=20230714155558,17.301740646362305,22
28,mouse:madcatz-r-a-t-dws,MadCatz R.A.T DWS,MadCatz,Mouse,Mouse,105000.0,https://img.danawa.com/prod_img/500000/224/671/img/13671224_1.jpg?shrink=330:*&_v=20210721134424,17.173812866210938,23
28,mouse:evga-x17-게이밍-마우스,EVGA X17 게이밍 마우스,EVGA,Mouse,Mouse,28330.0,https://img.danawa.com/prod_img/500000/970/572/img/14572970_1.jpg?shrink=330:*&_v=20220427111706,16.832284927368164,24
28,ram:g-skill-ddr4-3600-cl18-trident-z-royal-실버-패키지,G.SKILL DDR4-3600 CL18 TRIDENT Z ROYAL 실버 패키지,G.SKILL,RAM,RAM,286790.0,https://img.danawa.com/prod_img/500000/746/431/img/11431746_1.jpg?shrink=330:*&_v=20200821131336,16.74730110168457,25
28,ram:삼성전자-ddr3-1600-중고,삼성전자 DDR3-1600 중고,삼성전자,RAM,RAM,12390.0,https://img.danawa.com/prod_img/500000/101/549/img/5549101_1.jpg?shrink=330:*&_v=20210409101246,16.654996871948242,26
28,mouse:글로리어스-series-2-pro-유무선,글로리어스 SERIES 2 PRO 유무선,글로리어스,Mouse,Mouse,170100.0,https://img.danawa.com/prod_img/500000/439/248/img/74248439_1.jpg?shrink=330:*&_v=20250117091933,16.298965454101562,27
28,mouse:앱코-h140r-4k-r-미니-유무선-게이밍,앱코 H140R 4K-R 미니 유무선 게이밍,앱코,Mouse,Mouse,108290.0,https://img.danawa.com/prod_img/500000/350/030/img/30030350_1.jpg?shrink=330:*&_v=20231117140949,16.27268409729004,28
28,mouse:asus-rog-gladius-ii-wireless,ASUS ROG GLADIUS II WIRELESS,ASUS,Mouse,Mouse,206820.0,https://img.danawa.com/prod_img/500000/489/636/img/7636489_1.jpg?shrink=330:*&_v=20211209160148,16.245866775512695,29
28,keyboard:cox-ck87-크림블루-게이트론-led-게이밍-기계식,COX CK87 크림블루 게이트론 LED 게이밍 기계식,COX,Keyboard,Keyboard,49000.0,https://img.danawa.com/prod_img/500000/505/063/img/11063505_1.jpg?shrink=330:*&_v=20250714163755,16.09636688232422,30
28,ram:adata-ddr5-6400-cl32-lancer-rgb-블랙-패키지-서린,ADATA DDR5-6400 CL32 LANCER RGB 블랙 패키지 서린,ADATA,RAM,RAM,594990.0,https://img.danawa.com/prod_img/500000/141/915/img/68915141_1.jpg?shrink=330:*&_v=20241021172441,15.93282699584961,31
28,ram:g-skill-ddr4-3600-cl14-trident-z-royal-골드-패키지,G.SKILL DDR4-3600 CL14 TRIDENT Z ROYAL 골드 패키지,G.SKILL,RAM,RAM,1147680.0,https://img.danawa.com/prod_img/500000/324/947/img/12947324_1.jpg?shrink=330:*&_v=20220613165446,15.92439079284668,32
28,mouse:madcatz-r-a-t-2-plus,MadCatz R.A.T 2 PLUS,MadCatz,Mouse,Mouse,39000.0,https://img.danawa.com/prod_img/500000/268/592/img/10592268_1.jpg?shrink=330:*&_v=20220530152113,15.830053329467773,33
28,mouse:잘만-v3-alarm-mouse-plus,잘만 V3 Alarm Mouse Plus,잘만,Mouse,Mouse,2760.0,https://img.danawa.com/prod_img/500000/976/141/img/3141976_1.jpg?shrink=330:*&_v=20150424094416,15.807252883911133,34
28,keyboard:앱코-시이닷-한국의-미-기계식,앱코 시이닷 한국의 미 기계식,앱코,Keyboard,Keyboard,119800.0,https://img.danawa.com/prod_img/500000/517/781/img/78781517_1.jpg?shrink=330:*&_v=20250327103559,15.27690315246582,35
28,ram:g-skill-ddr5-6000-cl36-trident-z5-neo-rgb-j-화이트-패키지,G.SKILL DDR5-6000 CL36 TRIDENT Z5 NEO RGB J 화이트 패키지,G.SKILL,RAM,RAM,938790.0,https://img.danawa.com/prod_img/500000/682/913/img/72913682_1.jpg?shrink=330:*&_v=20241216135450,14.91974925994873,36
28,ram:마이크론-crucial-ddr5-6000-cl36-pro-overclocking-패키지-대원씨티에스,마이크론 Crucial DDR5-6000 CL36 PRO Overclocking 패키지 대원씨티에스,마이크론,RAM,RAM,502510.0,https://img.danawa.com/prod_img/500000/770/102/img/39102770_1.jpg?shrink=330:*&_v=20240306155439,14.767845153808594,37
28,mouse:로지텍-g502-hero,로지텍 G502 HERO,로지텍,Mouse,Mouse,41500.0,https://img.danawa.com/prod_img/500000/142/668/img/7668142_1.jpg?shrink=330:*&_v=20200220161125,13.884866714477539,38
28,keyboard:앱코-ak108-3모드-otemu-특주축-유무선-기계식-그린,앱코 AK108 3모드 OTEMU 특주축 유무선 기계식 그린,앱코,Keyboard,Keyboard,69000.0,https://img.danawa.com/prod_img/500000/503/015/img/93015503_1.jpg?shrink=330:*&_v=20250625093540,13.824361801147461,39
28,keyboard:cox-cmk108,COX CMK108,COX,Keyboard,Keyboard,19900.0,https://img.danawa.com/prod_img/500000/697/463/img/75463697_1.jpg?shrink=330:*&_v=20250602160123,13.786157608032227,40
28,ram:g-skill-ddr5-5600-cl36-aegis-5,G.SKILL DDR5-5600 CL36 AEGIS 5,G.SKILL,RAM,RAM,230000.0,https://img.danawa.com/prod_img/500000/219/241/img/28241219_1.jpg?shrink=330:*&_v=20241218100933,13.736211776733398,41
28,mouse:corsair-m75-rgb-유무선-애플-에디션,CORSAIR M75 RGB 유무선 애플 에디션,CORSAIR,Mouse,Mouse,161400.0,https://img.danawa.com/prod_img/500000/376/542/img/101542376_1.jpg?shrink=330:*&_v=20251215112257,13.548042297363281,42
28,keyboard:leobog-hi8se-유무선-기계식-올리비아-화이트,LEOBOG Hi8SE 유무선 기계식 올리비아 화이트,LEOBOG,Keyboard,Keyboard,109000.0,https://img.danawa.com/prod_img/500000/540/312/img/77312540_1.jpg?shrink=330:*&_v=20250306172003,13.423503875732422,43
28,ram:삼성전자-노트북-ddr5-5600-중고,삼성전자 노트북 DDR5-5600 중고,삼성전자,RAM,RAM,64560.0,https://img.danawa.com/prod_img/500000/379/609/img/28609379_1.jpg?shrink=330:*&_v=20240805172158,13.330639839172363,44
28,ram:g-skill-ddr5-9000-cl42-trident-z5-ck-rgb-패키지,G.SKILL DDR5-9000 CL42 TRIDENT Z5 CK RGB 패키지,G.SKILL,RAM,RAM,618990.0,https://img.danawa.com/prod_img/500000/647/720/img/72720647_1.jpg?shrink=330:*&_v=20241211130304,13.31906795501709,45
28,keyboard:한성컴퓨터-gk893b-pro-동그리-8k-유무선-무접점,한성컴퓨터 GK893B PRO 동그리 8K 유무선 무접점,한성컴퓨터,Keyboard,Keyboard,139000.0,https://img.danawa.com/prod_img/500000/946/599/img/47599946_1.jpg?shrink=330:*&_v=20250728133956,13.28097915649414,46
28,keyboard:cox-cnk103-pro-ll-블루투스-유무선-무접점,COX CNK103 PRO LL 블루투스 유무선 무접점,COX,Keyboard,Keyboard,129000.0,https://img.danawa.com/prod_img/500000/838/810/img/34810838_1.jpg?shrink=330:*&_v=20240304154458,13.150853157043457,47
28,mouse:gigabyte-aorus-m6-유무선,GIGABYTE AORUS M6 유무선,GIGABYTE,Mouse,Mouse,103200.0,https://img.danawa.com/prod_img/500000/201/988/img/37988201_1.jpg?shrink=330:*&_v=20240228084441,13.050034523010254,48
28,mouse:corsair-dark-core-rgb-pro,CORSAIR DARK CORE RGB PRO,CORSAIR,Mouse,Mouse,122000.0,https://img.danawa.com/prod_img/500000/283/433/img/10433283_1.jpg?shrink=330:*&_v=20221012160618,12.778303146362305,49
28,keyboard:로지텍-ergo-k860-lift,로지텍 ERGO K860 + LIFT,로지텍,Keyboard,Keyboard,279240.0,https://img.danawa.com/prod_img/500000/698/630/img/18630698_1.jpg?shrink=330:*&_v=20230901090924,12.732966423034668,50
28,ram:g-skill-ddr5-7200-cl36-trident-z5-royal-실버-패키지,G.SKILL DDR5-7200 CL36 TRIDENT Z5 ROYAL 실버 패키지,G.SKILL,RAM,RAM,846280.0,https://img.danawa.com/prod_img/500000/538/666/img/58666538_1.jpg?shrink=330:*&_v=20240628165557,12.665505409240723,51
28,keyboard:asus-rog-strix-scope-ii-96-유무선-기계식-white,ASUS ROG STRIX SCOPE II 96 유무선 기계식 WHITE,ASUS,Keyboard,Keyboard,158000.0,https://img.danawa.com/prod_img/500000/367/064/img/60064367_1.jpg?shrink=330:*&_v=20240712133344,12.587653160095215,52
28,mouse:아이리버-gt300-무선,아이리버 GT300 무선,아이리버,Mouse,Mouse,39900.0,https://img.danawa.com/prod_img/500000/006/698/img/93698006_1.jpg?shrink=330:*&_v=20250708092619,12.223485946655273,53
28,mouse:로지텍-m350-pebble,로지텍 M350 PEBBLE,로지텍,Mouse,Mouse,19950.0,https://img.danawa.com/prod_img/500000/038/177/img/8177038_1.jpg?shrink=330:*&_v=20231102090652,12.105782508850098,54
28,mouse:asus-rog-keris,ASUS ROG KERIS,ASUS,Mouse,Mouse,66010.0,https://img.danawa.com/prod_img/500000/738/616/img/13616738_1.jpg?shrink=330:*&_v=20211209105948,12.093926429748535,55
28,mouse:corsair-scimitar-rgb-엘리트-무선-se,CORSAIR SCIMITAR RGB 엘리트 무선 SE,CORSAIR,Mouse,Mouse,182420.0,https://img.danawa.com/prod_img/500000/475/039/img/91039475_1.jpg?shrink=330:*&_v=20250521131425,12.042712211608887,56
28,mouse:코시-m2017wl-에르코-버티컬-무선-마우스,코시 M2017WL 에르코 버티컬 무선 마우스,코시,Mouse,Mouse,17620.0,https://img.danawa.com/prod_img/500000/683/003/img/10003683_1.jpg?shrink=330:*&_v=20191126150946,11.99539852142334,57
28,ram:apacer-ddr5-5200-cl40-nox-white-패키지,Apacer DDR5-5200 CL40 NOX WHITE 패키지,Apacer,RAM,RAM,449000.0,https://img.danawa.com/prod_img/500000/309/887/img/99887309_1.jpg?shrink=330:*&_v=20251103113724,11.86813735961914,58
28,ram:corsair-ddr5-6000-cl30-vengeance-rgb-패키지,CORSAIR DDR5-6000 CL30 VENGEANCE RGB 패키지,CORSAIR,RAM,RAM,975890.0,https://img.danawa.com/prod_img/500000/239/829/img/59829239_1.jpg?shrink=330:*&_v=20240710135436,11.83503532409668,59
28,keyboard:cox-cf87-유무선-기계식-말차크림티,COX CF87 유무선 기계식 말차크림티,COX,Keyboard,Keyboard,139000.0,https://img.danawa.com/prod_img/500000/979/976/img/96976979_1.jpg?shrink=330:*&_v=20250901093246,11.690486907958984,60
28,ram:g-skill-ddr5-6000-cl28-trident-z5-royal-neo-실버-패키지,G.SKILL DDR5-6000 CL28 TRIDENT Z5 ROYAL NEO 실버 패키지,G.SKILL,RAM,RAM,697050.0,https://img.danawa.com/prod_img/500000/363/847/img/67847363_1.jpg?shrink=330:*&_v=20250513142335,11.676770210266113,61
28,keyboard:razer-tartarus-pro,Razer Tartarus Pro,Razer,Keyboard,Keyboard,179000.0,https://img.danawa.com/prod_img/500000/483/770/img/10770483_1.jpg?shrink=330:*&_v=20210928133210,11.594245910644531,62
28,mouse:cox-cm10-rgb-게이밍-마우스,COX CM10 RGB 게이밍 마우스,COX,Mouse,Mouse,18720.0,https://img.danawa.com/prod_img/500000/183/422/img/10422183_1.jpg?shrink=330:*&_v=20200123135413,11.423824310302734,63
28,ram:킹스톤-fury-ddr5-6000-cl30-beast-rgb-블랙-패키지-코잇,킹스톤 FURY DDR5-6000 CL30 Beast RGB 블랙 패키지 코잇,킹스톤,RAM,RAM,498730.0,https://img.danawa.com/prod_img/500000/279/773/img/96773279_1.jpg?shrink=330:*&_v=20250828105629,11.420431137084961,64
28,keyboard:darkflash-dkm100-키보드-마우스-세트,darkFlash DKM100 키보드 마우스 세트,darkFlash,Keyboard,Keyboard,29800.0,https://img.danawa.com/prod_img/500000/511/965/img/92965511_1.jpg?shrink=330:*&_v=20250904084026,11.418604850769043,65
28,ram:adata-ddr5-6000-cl30-lancer-blade-rgb-화이트-패키지-서린,ADATA DDR5-6000 CL30 LANCER BLADE RGB 화이트 패키지 서린,ADATA,RAM,RAM,544040.0,https://img.danawa.com/prod_img/500000/100/788/img/68788100_1.jpg?shrink=330:*&_v=20241021173008,11.194536209106445,66
28,ram:타무즈-노트북-ddr4-3200-cl22,타무즈 노트북 DDR4-3200 CL22,타무즈,RAM,RAM,118960.0,https://img.danawa.com/prod_img/500000/365/137/img/13137365_1.jpg?shrink=330:*&_v=20210113172639,11.139106750488281,67
28,keyboard:앱코-lkn99-bt-로우-프로파일-슬림-무접점,앱코 LKN99 BT 로우 프로파일 슬림 무접점,앱코,Keyboard,Keyboard,190000.0,https://img.danawa.com/prod_img/500000/142/519/img/94519142_1.jpg?shrink=330:*&_v=20250724092108,10.773210525512695,68
28,mouse:글로리어스-model-o-2,글로리어스 MODEL O 2,글로리어스,Mouse,Mouse,86330.0,https://img.danawa.com/prod_img/500000/179/473/img/19473179_1.jpg?shrink=330:*&_v=20230427133417,10.622939109802246,69
28,ram:teamgroup-ddr5-5600-cl46-elite-plus-블랙-서린,TeamGroup DDR5-5600 CL46 Elite Plus 블랙 서린,TeamGroup,RAM,RAM,279970.0,https://img.danawa.com/prod_img/500000/413/768/img/18768413_1.jpg?shrink=330:*&_v=20230116152415,10.301922798156738,70
28,keyboard:evga-z20-rgb-광축-게이밍-키보드-한글,EVGA Z20 RGB 광축 게이밍 키보드 한글,EVGA,Keyboard,Keyboard,64990.0,https://img.danawa.com/prod_img/500000/578/811/img/14811578_1.jpg?shrink=330:*&_v=20220325152344,10.2689790725708,71
28,mouse:cox-cwm200-무선-블루투스-마우스,COX CWM200 무선 블루투스 마우스,COX,Mouse,Mouse,11400.0,https://img.danawa.com/prod_img/500000/713/108/img/12108713_1.jpg?shrink=330:*&_v=20240708142833,10.228805541992188,72
28,ram:corsair-ddr5-6000-cl30-vengeance-rgb-dp-white-패키지,CORSAIR DDR5-6000 CL30 VENGEANCE RGB DP WHITE 패키지,CORSAIR,RAM,RAM,546630.0,https://img.danawa.com/prod_img/500000/092/471/img/72471092_1.jpg?shrink=330:*&_v=20250827140830,10.203767776489258,73
28,mouse:atk-a9-ultra-유무선-해외구매,ATK A9 ULTRA 유무선 해외구매,ATK,Mouse,Mouse,55530.0,https://img.danawa.com/prod_img/500000/159/611/img/78611159_1.jpg?shrink=330:*&_v=20250922105613,10.143661499023438,74
28,ram:essencore-klevv-ddr5-6000-cl30-urbane-v-rgb-패키지-서린,ESSENCORE KLEVV DDR5-6000 CL30 URBANE V RGB 패키지 서린,ESSENCORE,RAM,RAM,541500.0,https://img.danawa.com/prod_img/500000/681/587/img/72587681_1.jpg?shrink=330:*&_v=20251208133142,10.07422161102295,75
28,mouse:asus-rog-keris-wireless,ASUS ROG KERIS WIRELESS,ASUS,Mouse,Mouse,139000.0,https://img.danawa.com/prod_img/500000/279/223/img/13223279_1.jpg?shrink=330:*&_v=20230329092526,9.911389350891113,76
28,ram:adata-ddr5-6000-cl30-lancer-blade-rgb-블랙-패키지-서린,ADATA DDR5-6000 CL30 LANCER BLADE RGB 블랙 패키지 서린,ADATA,RAM,RAM,971280.0,https://img.danawa.com/prod_img/500000/052/788/img/68788052_1.jpg?shrink=330:*&_v=20241021172955,9.796648979187012,77
28,ram:essencore-klevv-ddr5-6000-cl30-cras-v-rgb-amd-패키지-서린,ESSENCORE KLEVV DDR5-6000 CL30 CRAS V RGB AMD 패키지 서린,ESSENCORE,RAM,RAM,549000.0,https://img.danawa.com/prod_img/500000/878/002/img/79002878_1.jpg?shrink=330:*&_v=20250402152224,9.762816429138184,78
28,mouse:한성컴퓨터-bm200-무선,한성컴퓨터 BM200 무선,한성컴퓨터,Mouse,Mouse,22900.0,https://img.danawa.com/prod_img/500000/212/425/img/28425212_1.jpg?shrink=330:*&_v=20230921170030,9.761922836303711,79
28,keyboard:razer-huntsman-v2-kr,Razer Huntsman V2 KR,Razer,Keyboard,Keyboard,229000.0,https://img.danawa.com/prod_img/500000/669/058/img/16058669_1.jpg?shrink=330:*&_v=20240627144357,9.71969223022461,80
28,mouse:benq-zowie-za11-b,BenQ ZOWIE ZA11-B,BenQ,Mouse,Mouse,134500.0,https://img.danawa.com/prod_img/500000/511/925/img/11925511_1.jpg?shrink=330:*&_v=20210924160454,9.680883407592773,81
28,mouse:nzxt-lift-elite-유무선,NZXT Lift Elite 유무선,NZXT,Mouse,Mouse,135000.0,https://img.danawa.com/prod_img/500000/386/379/img/77379386_1.jpg?shrink=330:*&_v=20250306110721,9.62120246887207,82
28,mouse:앱코-a102-3모드-스탠다드-그립-게이밍-유무선,앱코 A102 3모드 스탠다드 그립 게이밍 유무선,앱코,Mouse,Mouse,25900.0,https://img.danawa.com/prod_img/500000/173/073/img/98073173_1.jpg?shrink=330:*&_v=20250922111455,9.505389213562012,83
28,keyboard:주연테크-긱스타-gkg108aq-유무선-기계식,주연테크 긱스타 GKG108AQ 유무선 기계식,주연테크,Keyboard,Keyboard,75890.0,https://img.danawa.com/prod_img/500000/001/185/img/101185001_1.jpg?shrink=330:*&_v=20251211170615,9.440035820007324,84
28,mouse:razer-deathadder-v3,Razer DeathAdder V3,Razer,Mouse,Mouse,118990.0,https://img.danawa.com/prod_img/500000/813/505/img/19505813_1.jpg?shrink=330:*&_v=20230713123712,9.364858627319336,85
28,keyboard:앱코-k1924-retro-gtmx-non-led-게이밍-기계식,앱코 K1924 RETRO GTMX NON-LED 게이밍 기계식,앱코,Keyboard,Keyboard,19900.0,https://img.danawa.com/prod_img/500000/715/450/img/28450715_1.jpg?shrink=330:*&_v=20240910151338,9.299698829650879,86
28,keyboard:fl-esports-geo75-유무선-기계식-드림-그린,FL-ESPORTS Geo75 유무선 기계식 드림 그린,FL-ESPORTS,Keyboard,Keyboard,115430.0,https://img.danawa.com/prod_img/500000/722/501/img/90501722_1.jpg?shrink=330:*&_v=20251211150018,9.202507019042969,87
28,keyboard:razer-huntsman-v3-pro-kr,Razer Huntsman V3 Pro KR,Razer,Keyboard,Keyboard,379000.0,https://img.danawa.com/prod_img/500000/731/367/img/29367731_1.jpg?shrink=330:*&_v=20251105153803,8.954336166381836,88
28,keyboard:kiiboom-phantom-81-lite-유무선-기계식,KiiBOOM Phantom 81 Lite 유무선 기계식,KiiBOOM,Keyboard,Keyboard,149000.0,https://img.danawa.com/prod_img/500000/818/060/img/96060818_1.jpg?shrink=330:*&_v=20251201140108,8.933637619018555,89
28,keyboard:corsair-k70-rgb-pro,CORSAIR K70 RGB PRO,CORSAIR,Keyboard,Keyboard,229000.0,https://img.danawa.com/prod_img/500000/832/387/img/16387832_1.jpg?shrink=330:*&_v=20240910132925,8.930248260498047,90
28,mouse:msi-versa-pro-wireless-유무선,MSI VERSA PRO WIRELESS 유무선,MSI,Mouse,Mouse,103330.0,https://img.danawa.com/prod_img/500000/810/440/img/93440810_1.jpg?shrink=330:*&_v=20250702100230,8.831398010253906,91
28,ram:타무즈-ddr5-5600-cl46,타무즈 DDR5-5600 CL46,타무즈,RAM,RAM,227950.0,https://img.danawa.com/prod_img/500000/278/998/img/31998278_1.jpg?shrink=330:*&_v=20240105125555,8.804877281188965,92
28,mouse:앱코-wm410-무선-마우스,앱코 WM410 무선 마우스,앱코,Mouse,Mouse,4990.0,https://img.danawa.com/prod_img/500000/595/278/img/9278595_1.jpg?shrink=330:*&_v=20190814172538,8.798614501953125,93
28,mouse:글로리어스-model-o-2-pro-8khz-유무선,글로리어스 MODEL O 2 PRO 8KHz 유무선,글로리어스,Mouse,Mouse,183330.0,https://img.danawa.com/prod_img/500000/003/865/img/28865003_1.jpg?shrink=330:*&_v=20241127131938,8.780694961547852,94
28,ram:마이크론-crucial-노트북-ddr5-5600-cl46,마이크론 Crucial 노트북 DDR5-5600 CL46,마이크론,RAM,RAM,200000.0,https://img.danawa.com/prod_img/500000/256/268/img/30268256_1.jpg?shrink=330:*&_v=20251120153936,8.70898723602295,95
28,mouse:razer-cobra-hyperspeed-유무선,Razer Cobra HyperSpeed 유무선,Razer,Mouse,Mouse,149000.0,https://img.danawa.com/prod_img/500000/850/341/img/95341850_1.jpg?shrink=330:*&_v=20250806095644,8.600568771362305,96
28,mouse:글로리어스-model-d-2-pro-8khz-유무선,글로리어스 MODEL D 2 PRO 8KHz 유무선,글로리어스,Mouse,Mouse,183330.0,https://img.danawa.com/prod_img/500000/968/887/img/28887968_1.jpg?shrink=330:*&_v=20250103100053,8.552682876586914,97
28,ram:g-skill-ddr5-6400-cl30-trident-z5-royal-neo-실버-패키지,G.SKILL DDR5-6400 CL30 TRIDENT Z5 ROYAL NEO 실버 패키지,G.SKILL,RAM,RAM,698990.0,https://img.danawa.com/prod_img/500000/408/847/img/67847408_1.jpg?shrink=330:*&_v=20250513142310,8.447492599487305,98
28,mouse:앱코-mg10a-3모드-마그네슘-합금-초경량-게이밍,앱코 MG10A 3모드 마그네슘 합금 초경량 게이밍,앱코,Mouse,Mouse,99000.0,https://img.danawa.com/prod_img/500000/051/903/img/86903051_1.jpg?shrink=330:*&_v=20250422172705,8.432633399963379,99
28,mouse:corsair-scimitar-rgb-elite,CORSAIR SCIMITAR RGB ELITE,CORSAIR,Mouse,Mouse,118000.0,https://img.danawa.com/prod_img/500000/401/630/img/10630401_1.jpg?shrink=330:*&_v=20210514130641,8.42195987701416,100
